yahoo.co.jp, Japan,1
facebook.com, UNITED STATES,2
youtube.com, UNITED STATES,3
google.com, UNITED STATES,4
yahoo.com, UNITED STATES,5
bing.com, UNITED STATES,6
naver.com, KOREA REPUBLIC OF,7
mail.google.com, UNITED STATES,8
mail.live.com, UNITED STATES,9
vk.com, UNITED STATES,10
google.co.jp, Japan,11
craigslist.org, UNITED STATES,12
rakuten.co.jp, Japan,14
google.co.uk, United Kingdom,15
ebay.com, UNITED STATES,16
google.fr, FRANCE,17
fc2.com, CANADA,18
google.de, UNITED STATES,19
ask.com, UNITED STATES,20
amazon.com, UNITED STATES,21
google.com.br, Brazil,22
login.live.com, UNITED STATES,23
google.ca, CANADA,24
wikipedia.org, UNITED STATES,25
accounts.google.com, UNITED STATES,26
google.it, IRELAND,27
odnoklassniki.ru, Russia,28
google.com.mx, UNITED STATES,29
amazon.co.jp, Japan,30
twitter.com, UNITED STATES,31
translate.google.com, UNITED STATES,32
google.nl, Netherlands,33
yandex.ru, Russia,34
google.com.au, Australia,35
us.msn.com, UNITED STATES,36
jp.msn.com, UNITED STATES,37
pixiv.net, JAPAN,38
baidu.com, CHINA,39
comcast.net, UNITED STATES,40
google.es, Spain,41
ebay.co.uk, United Kingdom,42
leboncoin.fr, FRANCE,44
nicovideo.jp, Japan,45
google.be, Belgium,46
google.com.tr, NICARAGUA,47
taobao.com, CHINA,48
xhamster.com, PANAMA,49
dmm.co.jp, Japan,50
ameblo.jp, Japan,51
netflix.com, UNITED STATES,52
google.pl, UNITED STATES,53
pinterest.com, UNITED STATES,54
vaccint.com, ISRAEL,55
instagram.com, UNITED STATES,56
uol.com.br, Brazil,57
nate.com, KOREA REPUBLIC OF,58
mail.aol.com, UNITED STATES,59
pof.com, UNITED STATES,60
linkedin.com, UNITED STATES,61
google.ch, UNITED STATES,62
sbisec.co.jp, Japan,63
ebay.de, UNITED STATES,64
bbc.co.uk, United Kingdom,65
google.dk, UNITED STATES,66
163.com, CHINA,67
google.co.th, UNITED STATES,68
hao123.com, CHINA,69
google.co.in, UNITED STATES,70
ancestry.com, UNITED STATES,71
go.com, UNITED STATES,72
norton.com, UNITED STATES,73
bankofamerica.com, UNITED STATES,74
t.msn.com, UNITED STATES,75
amazon.de, LUXEMBOURG,76
image.baidu.com, CHINA,77
google.se, Sweden,78
marktplaats.nl, Netherlands,79
wellsfargo.com, UNITED STATES,80
google.com.tw, Taiwan,81
chase.com, UNITED STATES,82
tumblr.com, UNITED STATES,83
booking.com, NETHERLANDS,84
toshiba.com, UNITED STATES,85
amazon.co.uk, United Kingdom,86
google.pt, Portugal,87
ifeng.com, CHINA,88
google.com.ar, Argentina,89
pornhub.com, HONG KONG,90
msn.com, UNITED STATES,91
uk.msn.com, UNITED STATES,92
nifty.com, JAPAN,93
goo.ne.jp, Japan,94
news.msn.com, UNITED STATES,95
maps.yandex.ru, Russia,96
trulia.com, UNITED STATES,97
google.com.pe, Peru,98
br.msn.com, UNITED STATES,99
badoo.com, CYPRUS,100
zillow.com, UNITED STATES,101
navinow.jp, Japan,102
ca.msn.com, UNITED STATES,103
entertainment.msn.com, UNITED STATES,104
stgbssint.com, ISRAEL,105
xnxx.com, CZECH REPUBLIC,106
ocn.ne.jp, Japan,107
roblox.com, UNITED STATES,108
google.at, UNITED STATES,109
kijiji.ca, CANADA,110
sahibinden.com, TURKEY,111
windows.microsoft.com, UNITED STATES,112
google.com.co, CANADA,113
kakaku.com, JAPAN,114
2ch.net, PHILIPPINES,115
paypal.com, UNITED STATES,116
google.co.kr, South Korea,117
tagged.com, UNITED STATES,118
doubleclick.net, UNITED STATES,119
aliexpress.com, CHINA,120
aol.com, UNITED STATES,121
walmart.com, UNITED STATES,122
tbccint.com, ISRAEL,123
jra.go.jp, Japan,124
e-hentai.org, UNITED STATES,125
answers.com, UNITED STATES,126
fr.msn.com, UNITED STATES,127
prodigy.msn.com, UNITED STATES,128
adobe.com, UNITED STATES,130
adcash.com, ESTONIA,131
yahoo-mbga.jp, Japan,132
account.live.com, UNITED STATES,133
biglobe.ne.jp, Japan,134
outlook.com, UNITED STATES,135
gmarket.co.kr, South Korea,136
jalan.net, JAPAN,138
blogspot.com, UNITED STATES,139
indeed.com, UNITED STATES,140
lenovo.com, CHINA,141
sina.com.cn, China,142
pogo.com, UNITED STATES,143
nexon.com, KOREA REPUBLIC OF,144
allegro.pl, SWITZERLAND,145
mail.yandex.ru, Russia,146
pch.com, UNITED STATES,147
google.co.nz, US (UNITED STATES),148
verizon.com, UNITED STATES,149
avito.ru, Russia,150
dailymotion.com, FRANCE,151
cocacola.co.jp, Japan,152
ebay.com.au, Australia,153
redtube.com, HONG KONG,154
google.cl, Chile,155
matome.naver.jp, Japan,156
seznam.cz, CZECH REPUBLIC,157
match.com, UNITED STATES,158
ikea.com, NETHERLANDS,159
screenname.aol.com, UNITED STATES,160
fmworld.net, JAPAN,161
deviantart.com, UNITED STATES,162
apple.com, UNITED STATES,163
pointtown.com, JAPAN,164
cookpad.com, JAPAN,165
kleinanzeigen.ebay.de, UNITED STATES,166
googleadservices.com, UNITED STATES,167
trademe.co.nz, NZ (NEW ZEALAND),168
blog.livedoor.jp, Japan,169
rr.com, UNITED STATES,170
google.gr, Greece,171
tabelog.com, JAPAN,172
11st.co.kr, South Korea,173
imdb.com, UNITED STATES,174
ninemsn.com.au, Australia,176
onclickads.net, VIRGIN ISLANDS (BRITISH),178
translate.google.co.jp, Japan,179
milliyet.com.tr, T端rkiye,180
globo.com, BRAZIL,181
go.microsoft.com, UNITED STATES,182
syosetu.com, JAPAN,183
jd.com, CHINA,184
google.co.il,94043,185
wav.tv, UNITED STATES,186
etsy.com, UNITED STATES,187
auction.co.kr, South Korea,188
conduit.com, UNITED STATES,189
google.ru, Russia,191
grepolis.com, GERMANY,192
de.msn.com, UNITED STATES,193
weibo.com, CHINA,194
linkeyproject.com, UNITED STATES,195
onedrive.live.com, UNITED STATES,196
bt.com, UK,197
cnn.com, UNITED STATES,198
google.fi, Finland,199
blocket.se, Sweden,200
qzone.qq.com, CHINA,201
orange.fr, FRANCE,202
nomura.co.jp, Japan,203
youporn.com, HONG KONG,204
plus.google.com, UNITED STATES,205
email.seznam.cz, CZECH REPUBLIC,206
clkmon.com, ISRAEL,207
montiera.com, ISRAEL,208
nikkei.com, JAPAN,209
sharepoint.com, UNITED STATES,210
dropbox.com, UNITED STATES,211
fotostrana.ru, Russia,212
tieba.baidu.com, CHINA,213
funda.nl, Netherlands,214
fruitmail.net, JAPAN,215
capitalone.com, UNITED STATES,216
e.mail.ru, Russia,217
itau.com.br, Brazil,220
skype.com, IRELAND,221
translate.google.com.br, Brazil,222
jma.go.jp, Japan,223
trovi.com, ISRAEL,224
hotmail.com, UNITED STATES,225
zozo.jp, Japan,226
mixi.jp, Japan,227
hangame.co.jp, Japan,228
hurriyet.com.tr, T,229
next.co.uk, United Kingdom,230
dmm.com, JAPAN,231
tmall.com, CHINA,232
salesforce.com, UNITED STATES,233
google.ro, Romania,234
login.microsoftonline.com, UNITED STATES,235
mail.ru, Russia,236
daiwa.co.jp, Japan,237
ecnavi.jp, Japan,239
foxnews.com, UNITED STATES,240
netmile.co.jp, Japan,241
hp.com, UNITED STATES,242
babcdn.com, GERMANY,243
pointclickcare.com, UNITED STATES,244
gmail.com, UNITED STATES,245
qhit.net, JAPAN,246
thepiratebay.se, Sweden,247
my.mail.ru, Russia,248
helpertrack.com, PANAMA,249
rightmove.co.uk, United Kingdom,250
realtor.com, UNITED STATES,251
twc.com, UNITED STATES,252
imagefap.com, CYPRUS,253
backpage.com, UNITED STATES,254
theprimead.co.kr, South Korea,255
iminent.com, FRANCE,256
avg.com, NETHERLANDS,257
r.msn.com, UNITED STATES,258
verizonwireless.com, UNITED STATES,259
mapy.cz, CZECH REPUBLIC,260
target.com, UNITED STATES,261
att.com, UNITED STATES,262
love.mail.ru, Russia,263
monex.co.jp, Japan,265
imgur.com, PANAMA,266
office365.com, UNITED STATES,267
zulily.com, UNITED STATES,269
sohu.com, CHINA,270
autohome.com.cn, China,271
live.nicovideo.jp, Japan,272
chaturbate.com, UNITED STATES,273
earthlink.net, UNITED STATES,274
g.tsite.jp, Japan,275
money.msn.com, UNITED STATES,276
carview.co.jp, Japan,277
docs.google.com, UNITED STATES,278
twoo.com, BELGIUM,279
google.com.hk, UNITED STATES,280
ru.msn.com, UNITED STATES,281
kabu.co.jp, Japan,282
fidelity.com, UNITED STATES,283
adam4adam.com, UNITED STATES,284
weather.com, UNITED STATES,285
centurylink.net, UNITED STATES,286
wordpress.com, UNITED STATES,287
google.cz, CANADA,288
secureserver.net, UNITED STATES,289
web.aol.com, UNITED STATES,290
pandora.com, UNITED STATES,291
matsui.co.jp, Japan,292
cox.net, UNITED STATES,293
wonderwall.msn.com, UNITED STATES,294
infoseek.co.jp, Japan,295
translate.google.it, IRELAND,296
ourtime.com, UNITED STATES,297
gmx.net, GERMANY,298
netteller.com, UNITED STATES,300
yomiuri.co.jp, Japan,301
living.msn.com, UNITED STATES,302
microsoft.com, UNITED STATES,303
office.microsoft.com, UNITED STATES,304
translate.google.de, UNITED STATES,305
hm.com, SWEDEN,307
taleo.net, UNITED STATES,308
filejo.com, REPUBLIC OF KOREA,309
rakuten-sec.co.jp, Japan,311
macys.com, UNITED STATES,312
4399.com, CHINA,313
kohls.com, UNITED STATES,314
outbrain.com, UNITED STATES,316
caixa.gov.br, Brazil,317
email.t-online.de, GERMANY,318
so.com, CHINA,319
nhk.or.jp, Japan,321
baike.baidu.com, CHINA,322
hao.360.cn, China,323
siteencore.com, UNITED STATES,324
mangahere.co, BAHAMAS,325
google.com.my, MALAYSIA,326
gnavi.co.jp, Japan,327
picasaweb.google.com, UNITED STATES,328
internetbank.swedbank.se, Sweden,329
nl.msn.com, UNITED STATES,330
t.co, UNITED STATES,331
doublepimp.com, UNITED KINGDOM,332
allstate.com, UNITED STATES,333
google.sk, Slovakia,334
amazon.fr, FRANCE,335
cityheaven.net, JAPAN,336
cn.bing.com, UNITED STATES,337
ero-video.net, UNITED STATES,338
jal.co.jp, Japan,339
qvc.com, UNITED STATES,340
t-online.de, GERMANY,341
wikia.com, CANADA,343
google.ae, Arab Emirates,344
mcafee.com, UNITED STATES,345
ana.co.jp, Japan,346
it.msn.com, UNITED STATES,347
toshibaplaces.jp, Japan,348
fanfiction.net, UNITED STATES,349
suchen.mobile.de, UNITED STATES,350
homedepot.com, UNITED STATES,351
sogou.com, CHINA,352
alipay.com, CHINA,353
nosv.org, JAPAN,354
ancestry.co.uk, United Kingdom,355
ponta.media-ad.jp, Japan,356
club.panasonic.jp, Japan,357
foxsports.com, UNITED STATES,358
certified-apps.com, ISRAEL,359
reddit.com, UNITED STATES,360
beta.realtor.ca, CANADA,361
lowes.com, UNITED STATES,362
flickr.com, UNITED STATES,363
nfl.com, UNITED STATES,364
dailymail.co.uk, United Kingdom,365
flightradar24.com, SWEDEN,366
google.bg, BULGARIA,367
mlb.com, UNITED STATES,368
search.seznam.cz, CZECH REPUBLIC,369
walla.co.il, ISRAEL,370
phoenix.edu, UNITED STATES,371
asahi.com, JAPAN,372
horizon17.com, MALAYSIA,373
gameforge.com, GERMANY,374
adultfriendfinder.com, UNITED STATES,375
seiga.nicovideo.jp, Japan,376
ruten.com.tw, Taiwan,377
subito.it, ITALY,378
translate.google.fr, FRANCE,379
royalbank.com, CANADA,380
hi5.com, UNITED STATES,381
tr.msn.com, UNITED STATES,382
qweb.ne.jp, Japan,383
drive.google.com, UNITED STATES,384
poczta.wp.pl, Poland,385
mynet.com, UNITED STATES,386
vente-privee.com, FRANCE,387
bestbuy.com, UNITED STATES,388
directrev.com, UNITED STATES,389
webmail1c.orange.fr, FRANCE,390
webmail1f.orange.fr, FRANCE,391
es.msn.com, UNITED STATES,392
telegraaf.nl, Netherlands,393
webmail1m.orange.fr, FRANCE,394
gayromeo.com, NETHERLANDS,396
inven.co.kr, South Korea,397
stardoll.com, SWEDEN,398
commbank.com.au, Australia,399
akamaihd.net, UNITED STATES,400
sakura.ne.jp, Japan,401
huffingtonpost.com, UNITED STATES,402
sky.com, UNITED STATES,403
youku.com, CHINA,404
friv.com, UNITED STATES,405
toolbar.aol.com, UNITED STATES,406
jcpenney.com, UNITED STATES,407
gumtree.com, UK,408
criteo.com, FRANCE,409
roadrunner.com, UNITED STATES,410
google.com.eg, Egypt,411
rsch.jp, Japan,412
mercadolivre.com.br, Brazil,413
onet.pl, Poland,414
default-search.net, UNITED STATES,415
meb.gov.tr, T端rkiye,416
laposte.net, FRANCE,418
xrosview.com, ISRAEL,419
poczta.onet.pl, Poland,420
charter.net, UNITED STATES,421
blackboard.com, UNITED STATES,422
bellemaison.jp, Japan,423
virginmedia.com, UNITED KINGDOM,424
dell.com, UNITED STATES,425
excite.co.jp, Japan,426
about.com, UNITED STATES,427
jeu.info, FRANCE,428
autos.msn.com, UNITED STATES,430
bankieren.rabobank.nl, Netherlands,431
go.mail.ru, Russia,432
latam.msn.com, UNITED STATES,434
jw.org, UNITED STATES,435
ixxx.com, UNITED STATES,436
webmail1j.orange.fr, FRANCE,437
warau.jp, Japan,438
dcinside.com, KOREA REPUBLIC OF,439
gsshop.com, SOUTH GEORGIA AND SOUTH S.S.,440
google.lt, Lithuania,441
money.msn.com.cn, China,442
webmail1e.orange.fr, FRANCE,443
willhaben.at, AUSTRIA,444
pigg.ameba.jp, Japan,445
translate.google.com.mx, UNITED STATES,446
mijn.ing.nl, Netherlands,447
r.orange.fr, FRANCE,448
otto.de, GERMANY,449
so-net.ne.jp, Japan,450
java.com, UNITED STATES,451
shopathome.com, UNITED STATES,452
translate.google.es, Spain,453
in.msn.com, UNITED STATES,454
mail.ziggo.nl, Netherlands,455
cn.msn.com, UNITED STATES,456
bk.mufg.jp, Japan,457
interpark.com, KOREA REPUBLIC OF,458
google.hr, Croatia,459
webmail1d.orange.fr, FRANCE,460
expedia.com, UNITED STATES,461
tesco.com, UK,463
shutterfly.com, UNITED STATES,464
dietnavi.com, JAPAN,465
infospace.com, UNITED STATES,466
wattpad.com, UNITED STATES,467
ilbe.com, KOREA REPUBLIC OF,468
s.maho.jp, Japan,469
google.com.ec, UNITED STATES,470
news.google.com, UNITED STATES,471
syosetu.org, JAPAN,472
mapquest.com, UNITED STATES,473
anitube.se, Sweden,474
blog.ameba.jp, Japan,475
bb.com.br, Brazil,476
americanexpress.com, UNITED STATES,477
benesse.ne.jp, Japan,478
wedisk.co.kr, South Korea,480
olx.pl, FRANCE,481
dreammail.ib-game.jp, Japan,482
mywebsearch.com, UNITED STATES,483
tripadvisor.com, UNITED STATES,484
anser.ne.jp, Japan,485
hulu.com, UNITED STATES,486
battlefield.com, UNITED STATES,487
healthyliving.msn.com, UNITED STATES,488
zhidao.baidu.com, CHINA,489
argos.co.uk, United Kingdom,490
donga.com, KOREA REPUBLIC OF,491
yelp.com, UNITED STATES,492
okcupid.com, UNITED STATES,493
tube8.com, HONG KONG,494
pex.jp, Japan,495
webssearches.com, CHINA,496
bbc.com, UNITED KINGDOM,497
sfr.fr, FRANCE,498
vube.com, UNITED STATES,500
support.google.com, UNITED STATES,501
autotrader.co.uk, United Kingdom,502
wp.pl, Poland,503
immobilienscout24.de, SWITZERLAND,504
geocaching.com, UNITED STATES,505
google.com.vn, Vietnam,506
usaa.com, UNITED STATES,507
smbcnikko.co.jp, Japan,508
xtube.com, HONG KONG,509
rediff.com, INDIA,510
microsofttranslator.com, UNITED STATES,511
goo-net.com, JAPAN,512
bancobrasil.com.br, Brazil,513
yandex.com.tr, TURKEY,514
webmail1h.orange.fr, FRANCE,515
chosun.com, KOREA REPUBLIC OF,516
jra.jp, Japan,517
soundcloud.com, GERMANY,518
adp.com, UNITED STATES,519
hitta.se, Sweden,520
southwest.com, UNITED STATES,521
my.ebay.de, UNITED STATES,522
pbskids.org, UNITED STATES,523
mercadolibre.com.ar, Argentina,524
lloydsbank.co.uk, United Kingdom,525
mail.qq.com, CHINA,526
youtube-mp3.org, GERMANY,527
inicis.com, GUAM,528
wooribank.com, KOREA REPUBLIC OF,529
nytimes.com, UNITED STATES,530
ssg.com, KOREA REPUBLIC OF,531
windstream.net, UNITED STATES,532
translate.google.pl, UNITED STATES,533
webmail1g.orange.fr, FRANCE,534
point-ex.jp, Japan,535
smartfile.co.kr, South Korea,536
hsbc.co.uk, United Kingdom,538
usbank.com, UNITED STATES,539
gamer.com.tw, Taiwan,540
mizuhobank.co.jp, Japan,542
hellowork.go.jp, Japan,543
gumtree.com.au, Australia,544
suntory.co.jp, Japan,545
gap.com, UNITED STATES,546
google.com.ph, Wrong site,547
google.com.gt, Wrong site,548
alibaba.com, CHINA,549
afreeca.com, KOREA REPUBLIC OF,550
carsensor.net, JAPAN,551
translate.google.ru, Russia,552
lego.com, DENMARK,553
creatives.livejasmin.com, LUXEMBOURG,554
nissen.co.jp, Japan,555
mamba.ru, Russia,556
rev2pub.com, ISRAEL,557
citibank.com, UNITED STATES,558
webmail1p.orange.fr, FRANCE,559
chess.com, UNITED STATES,560
pdpop.com, KOREA REPUBLIC OF,561
myfreecams.com, UNITED STATES,562
co.msn.com, UNITED STATES,564
lotteimall.com, KOREA REPUBLIC OF,565
tokyo-porn-tube.com, UNITED STATES,566
nanos.jp, Japan,567
nk.pl, Poland,568
ebay.fr, FRANCE,569
iqiyi.com, CHINA,570
terra.com.br, Brazil,571
delta.com, UNITED STATES,572
ups.com, UNITED STATES,573
conduit-apps.com, ISRAEL,574
battle.net, UNITED STATES,575
nikkansports.com, JAPAN,576
vegadisk.com, KOREA REPUBLIC OF,577
gpoint.co.jp, Japan,578
gendama.jp, Japan,579
google.com.ua, Ukraine,580
fabswingers.com, UNITED KINGDOM,581
bomnegocio.com, BRAZIL,582
smbc.co.jp, Japan,583
sears.com, UNITED STATES,584
ppomppu.co.kr, South Korea,585
scottrade.com, UNITED STATES,586
jjgirls.com, JAPAN,587
wemakeprice.com, KOREA REPUBLIC OF,588
walgreens.com, UNITED STATES,589
farmersinsurance.com, UNITED STATES,590
houzz.com, UNITED STATES,591
golfdigest.co.jp, Japan,592
navigator.web.de, GERMANY,593
cbssports.com, UNITED STATES,594
hi-bogo.net, UNITED STATES,595
td.com, CANADA,596
bigpond.com, AUSTRALIA,597
y001.sengokuixa.jp, Japan,598
autotrader.com, UNITED STATES,599
silverdaddies.com, SPAIN,601
ig.com.br, Brazil,602
pt.msn.com, UNITED STATES,603
kapaza.be, Belgium,604
hotels.com, UNITED STATES,606
mangareader.net, AUSTRALIA,607
post.japanpost.jp, Japan,608
schwab.com, UNITED STATES,610
popunder.loading-delivery1.com, HONG KONG,611
peta.ameba.jp, Japan,612
accuweather.com, UNITED STATES,613
translate.google.se, Sweden,614
certified-toolbar.com, ISRAEL,615
g.msn.com, UNITED STATES,616
blackpeoplemeet.com, UNITED STATES,617
nab.com.au, Australia,618
haberturk.com, TURKEY,619
instructure.com, UNITED STATES,620
cocolog-nifty.com, JAPAN,621
adv.videomega.tv, PANAMA,622
lumosity.com, UNITED STATES,623
news.yandex.ru, Russia,624
ticketmonster.co.kr, South Korea,625
mail.sapo.pt, Portugal,626
zedo.com, UNITED STATES,627
se.msn.com, UNITED STATES,628
direct.gov.uk, United Kingdom,629
jmp9.com, UNITED STATES,630
realestate.com.au, Australia,631
popads.net, COSTA RICA,632
4shared.com, VIRGIN ISLANDS (BRITISH),633
toranoana.jp, Japan,634
candidat.pole-emploi.fr, FRANCE,635
search.aol.com, UNITED STATES,636
jp-bank.japanpost.jp, Japan,637
samsung.com, KOREA REPUBLIC OF,638
zone.msn.com, UNITED STATES,639
orange.co.uk, United Kingdom,640
olx.com.br, Brazil,641
ynet.co.il,67443,642
rakuten.ne.jp, Japan,643
tankionline.com, NETHERLANDS,644
nos.nl, Netherlands,645
iza.ne.jp, Japan,646
suumo.jp, Japan,647
v9.com, CHINA,648
hangame.com, KOREA REPUBLIC OF,649
blogmura.com, JAPAN,650
sony.jp, Japan,651
baykoreans.net, UNITED STATES,652
inbox.com, UNITED STATES,653
cdiscount.com, FRANCE,654
hsbc.com.hk, HONG KONG,655
voscomptesenligne.labanquepostale.fr, FRANCE,657
pokec.azet.sk, Slovakia,658
yandex.ua, Ukraine,659
findagrave.com, UNITED STATES,661
novinky.cz, CZECH REPUBLIC,662
tenki.jp, Japan,663
accountonline.com, UNITED STATES,664
united.com, UNITED STATES,665
say-move.org, UNITED STATES,666
sat.gob.mx, MEXICO,667
twitch.tv, UNITED STATES,668
suntrust.com, UNITED STATES,669
royalgames.com, MALTA,670
mercadolibre.com.mx, ARGENTINA,671
westpac.com.au, Australia,672
aftonbladet.se, Sweden,673
jtb.co.jp, Japan,674
salonboard.com, JAPAN,675
weathernews.jp, Japan,676
ameritrade.com, UNITED STATES,677
v.baidu.com, CHINA,678
pmang.com, KOREA REPUBLIC OF,679
web.de, GERMANY,680
webmail22.orange.fr, FRANCE,681
smugmug.com, UNITED STATES,682
filenori.com, KOREA REPUBLIC OF,683
nu.nl, Netherlands,684
dba.dk, SWITZERLAND,686
translate.google.nl, Netherlands,687
prcm.jp, Japan,688
uniqlo.com, JAPAN,689
ar.msn.com, UNITED STATES,690
bild.de, GERMANY,691
dm5.com, UNITED STATES,692
hinet.net, TAIWAN PROVINCE OF CHINA,693
comcast.com, UNITED STATES,694
photobucket.com, UNITED STATES,695
careerbuilder.com, UNITED STATES,696
forgeofempires.com, GERMANY,697
buienradar.nl, Netherlands,698
profile.live.com, UNITED STATES,699
bleacherreport.com, UNITED STATES,700
fashion.msn.com.cn, China,701
geocities.jp, Japan,702
moneta.co.kr, South Korea,703
xbox.com, UNITED STATES,704
fedex.com, UNITED STATES,705
letskorail.com, KOREA REPUBLIC OF,706
milanuncios.com, SPAIN,707
oryte.com, UNITED STATES,708
discovercard.com, UNITED STATES,709
msnvideo.msn.com, UNITED STATES,711
dsrlte.com, UNITED STATES,713
bobaedream.co.kr, South Korea,714
news.qq.com, CHINA,715
kbb.com, UNITED STATES,716
priceline.com, UNITED STATES,717
office.com, UNITED STATES,718
be.msn.com, UNITED STATES,719
santander.co.uk, United Kingdom,720
legacy.com, UNITED STATES,721
plaync.com, KOREA REPUBLIC OF,722
mangafox.me, UNITED STATES,723
play.google.com, UNITED STATES,724
groupon.com, UNITED STATES,725
akaqa.com, UNITED STATES,726
national-lottery.co.uk, United Kingdom,727
coupang.com, KOREA REPUBLIC OF,728
y039.sengokuixa.jp, Japan,729
likes.com, UNITED STATES,730
siteadvisor.com, UNITED STATES,731
repubblica.it, Italy,732
familysearch.org, UNITED STATES,733
kuronekoyamato.co.jp, Japan,734
ent.msn.com.cn, China,735
tribalwars.com.pt, Portugal,736
sp.gov.br, Brazil,737
boursorama.com, FRANCE,738
fetlife.com, UNITED STATES,739
icloud.com, UNITED STATES,740
usatoday.com, UNITED STATES,741
abcmouse.com, UNITED STATES,742
fazenda.gov.br, Brazil,743
mypage.ameba.jp, Japan,744
dropbooks.tv, UNITED KINGDOM,745
usps.com, UNITED STATES,746
people.com, UNITED STATES,747
ebs.co.kr, South Korea,748
forever21.com, UNITED STATES,749
what-character-are-you.com, UNITED STATES,750
keirin.jp, Japan,751
imgsrc.ru, Russia,752
att.net, UNITED STATES,753
olleh.com, KOREA REPUBLIC OF,754
bet365.com, UNITED KINGDOM,755
sabah.com.tr, T端rkiye,757
asos.com, UNITED KINGDOM,758
wow.com, UNITED STATES,759
youjizz.com, HONG KONG,760
6pm.com, UNITED STATES,761
y8.com, UNITED STATES,762
tple.co.kr, South Korea,763
bluewin.ch, SWITZERLAND,764
overstock.com, UNITED STATES,765
navyfederal.org, UNITED STATES,766
mainichi.jp, Japan,767
eyny.com, UNITED STATES,768
beauty.hotpepper.jp, Japan,769
work.go.kr, South Korea,770
joins.com, KOREA REPUBLIC OF,771
eastmoney.com, CHINA,772
adrotator.se, Sweden,773
2dehands.be, Belgium,774
dinos.co.jp, Japan,775
softonic.com, SPAIN,777
new.livejasmin.com, LUXEMBOURG,778
daily.co.jp, Japan,779
potora.ib-game.jp, Japan,780
swagbucks.com, UNITED STATES,781
nonghyup.com, KOREA REPUBLIC OF,782
2ememain.be, Belgium,783
literotica.com, UNITED STATES,784
nike.com, UNITED STATES,785
myvaio.sony.jp, Japan,787
news.mail.ru, Russia,788
translate.google.com.tw, Taiwan,789
kmcert.com, KOREA REPUBLIC OF,790
wikiwiki.jp, Japan,791
deloitte.com, UNITED STATES,792
yw.b-boys.jp, Japan,793
jappy.de, GERMANY,795
anz.com, AUSTRALIA,796
wayfair.com, UNITED STATES,797
zara.com, SPAIN,798
cyworld.com, KOREA REPUBLIC OF,799
cibc.com, CANADA,800
telegraph.co.uk, United Kingdom,801
pornmd.com, HONG KONG,802
sgk.gov.tr, T端rkiye,803
logmein.com, UNITED STATES,805
portal.cyberjapan.jp, Japan,806
starfall.com, UNITED STATES,807
cis6200.jp, Japan,808
pchome.com.tw, Taiwan,809
garmin.com, UNITED STATES,810
potora.jp, Japan,812
secureinternetbank.com, UNITED STATES,813
aa.com, UNITED STATES,814
yesfile.com, KOREA REPUBLIC OF,815
translate.google.com.tr, NICARAGUA,816
translate.google.com.hk, UNITED STATES,817
adnxs.com, UNITED STATES,818
bom.gov.au, Australia,819
rakuten-bank.co.jp, Japan,821
ecollege.com, UNITED STATES,822
laredoute.fr, FRANCE,823
bigfile.co.kr, South Korea,824
yoox.com, ITALY,825
pururin.com, UNITED STATES,826
iltalehti.fi, Finland,827
tradera.com, CZECH REPUBLIC,828
filehon.com, KOREA REPUBLIC OF,829
seniorpeoplemeet.com, UNITED STATES,830
eroprofile.com, NETHERLANDS,831
comicvip.com, UNITED STATES,832
maps.google.com, UNITED STATES,833
monster.com, UNITED STATES,834
rajce.idnes.cz, CZECH REPUBLIC,835
sponichi.co.jp, Japan,836
sweetim.com, UNITED STATES,837
2345.com, CHINA,838
systoolbar.com, UNITED STATES,839
goodgamestudios.com, UNITED STATES,840
shopch.jp, Japan,841
spiegel.de, GERMANY,842
hln.be, Belgium,843
bitecharge.com, PANAMA,844
amazon.it, LUXEMBOURG,845
windows.com, UNITED STATES,846
7k7k.com, CHINA,847
cafe24.com, KOREA REPUBLIC OF,848
gazetevatan.com, TURKEY,849
twcc.com, UNITED STATES,850
file24.co.kr, South Korea,851
vrbo.com, UNITED STATES,852
myfitnesspal.com, UNITED STATES,853
quotev.com, PANAMA,854
halifax-online.co.uk, United Kingdom,855
force.com, UNITED STATES,856
vg.no, Norway,857
aarp.org, UNITED STATES,858
allrecipes.com, UNITED STATES,859
vistaprint.com, BERMUDA,860
asda.com, UNITED STATES,861
8-d.com, CZECH REPUBLIC,862
skyrock.com, UNITED STATES,863
meetme.com, UNITED STATES,864
mobile01.com, TAIWAN PROVINCE OF CHINA,865
gsn.com, UNITED STATES,866
cnet.com, UNITED STATES,867
asus.com, TAIWAN PROVINCE OF CHINA,868
howzit.msn.com, UNITED STATES,869
zol.com.cn, China,870
ebay.it, LUXEMBOURG,871
mangago.com, UNITED STATES,872
ekstrabladet.dk, DENMARK,873
marksandspencer.com, UK,874
sprint.com, UNITED STATES,875
toyota.jp, Japan,877
minecraft.net, CANADA,878
sweetpacks.com, ISRAEL,880
tw.msn.com, UNITED STATES,881
cosme.net, JAPAN,882
mathxl.com, UNITED STATES,883
rakuten-card.co.jp, Japan,884
hsn.com, UNITED STATES,885
worldwinner.com, UNITED STATES,886
inclk.com, ISRAEL,887
bol.com, NETHERLANDS,888
named.com, KOREA REPUBLIC OF,890
myvidster.com, UNITED STATES,891
nicotto.jp, Japan,892
news.google.co.jp, Japan,893
kinnser.net, UNITED STATES,894
kbs.co.kr, South Korea,895
finanzportal.fiducia.de, GERMANY,896
mlsmatrix.com, UNITED STATES,897
cecile.co.jp, Japan,898
navitime.co.jp, Japan,899
mrga.service-navi.jp, Japan,900
msdn.microsoft.com, UNITED STATES,901
cars.com, UNITED STATES,902
blogger.com, UNITED STATES,903
bnpparibas.net, FRANCE,904
omiga-plus.com, UNITED STATES,905
manhunt.net, UNITED STATES,906
tori.fi, Finland,907
state.tx.us, UNITED STATES,908
amazonaws.com, UNITED STATES,909
app.boatrace.jp, Japan,910
startpagina.nl, Netherlands,911
weheartit.com, BARBADOS,912
nordstrom.com, UNITED STATES,913
voyages-sncf.com, FRANCE,914
scotiabank.com, CANADA,915
lightinthebox.com, UNITED STATES,916
mail.telenet.be, Belgium,917
pmu.fr, FRANCE,918
hilton.com, UNITED STATES,919
officeally.com, UNITED STATES,920
cjmall.com, KOREA REPUBLIC OF,921
my.msn.com, UNITED STATES,922
www2.leboncoin.fr, FRANCE,923
himado.in, UNITED STATES,924
brassring.com, UNITED STATES,925
momoshop.com.tw, Taiwan,926
bbt.com, UNITED STATES,927
y025.sengokuixa.jp, Japan,928
equideow.com, FRANCE,929
search.jword.jp, Japan,930
talktalk.co.uk, United Kingdom,931
ms-ad-g.com, JAPAN,932
sweet-page.com, CHINA,933
post-survey.com, JAPAN,934
super.cz, CZECH REPUBLIC,935
showroomprive.com, FRANCE,936
clicksvenue.com, SWITZERLAND,937
sukebei.nyaa.se, Sweden,938
adf.ly, Libya,939
exoclick.com, SPAIN,940
extratorrent.cc, BAHAMAS,941
minwon.go.kr, South Korea,942
klanlar.org, GERMANY,943
newsnow.co.uk, United Kingdom,945
translate.google.dk, UNITED STATES,946
r.mail.ru, Russia,947
zappos.com, UNITED STATES,948
ehow.com, UNITED STATES,949
dreammail.jp, Japan,950
iauc.co.jp, Japan,951
dic.nicovideo.jp, Japan,952
toysrus.com, UNITED STATES,953
onlinecreditcenter6.com, UNITED STATES,954
tudou.com, CHINA,955
qvc.jp, Japan,956
plala.or.jp, Japan,957
v.qq.com, CHINA,958
desjardins.com, CANADA,959
arabia.msn.com, UNITED STATES,960
webmd.com, UNITED STATES,961
youradexchange.com, UNITED STATES,962
mail.rambler.ru, Russia,963
baixaki.com.br, Brazil,964
betradar.com, SWITZERLAND,965
translate.google.co.th, UNITED STATES,966
uimserv.net, GERMANY,967
duba.com, CHINA,968
click-sec.com, JAPAN,969
blogspot.com.br, Brazil,970
a-q-f.com, JAPAN,971
drudgereport.com, UNITED STATES,972
joyclub.de, GERMANY,973
planetromeo.com, NETHERLANDS,974
translate.google.ca, CANADA,975
kinghost.com, UNITED STATES,976
livescore.com, (Gandi) FR,977
fanyi.baidu.com, CHINA,978
haber7.com, TURKEY,979
id.orange.fr, FRANCE,980
sokmil.com, JAPAN,981
y009.sengokuixa.jp, Japan,982
arcor.de, GERMANY,983
1688.com, CHINA,984
getmoney.ib-game.jp, Japan,985
tnaflix.com, CYPRUS,986
barnesandnoble.com, UNITED STATES,987
nbcnews.com, UNITED STATES,988
vimeo.com, UNITED STATES,989
jreast.co.jp, Japan,991
bmo.com, CANADA,992
ksl.com, UNITED STATES,993
megatime.com.tw, Taiwan,994
barclays.co.uk, United Kingdom,995
mundopositivo.com.br, Brazil,996
infomart.co.jp, Japan,997
marriott.com, UNITED STATES,998
izlesene.com, TURKEY,999
126.com, UNITED STATES,1000
watchseries.lt, Lithuania,1001
tdisk.co.kr, South Korea,1002
expressen.se, Sweden,1003
bt.dk, DENMARK,1004
translate.google.pt, Portugal,1005
hotpepper.jp, Japan,1006
zoosk.com, UNITED STATES,1007
ntlworld.com, UNITED KINGDOM,1008
gunbroker.com, UNITED STATES,1009
privat.nordea.se, Sweden,1010
aeonsquare.net, JAPAN,1011
rantlifestyle.com, UNITED STATES,1012
sites.google.com, UNITED STATES,1013
ck101.com, UNITED STATES,1014
rikunabi.com, JAPAN,1015
th.msn.com, UNITED STATES,1016
agoda.com, THAILAND,1017
cmsite.co.jp, Japan,1018
online.sberbank.ru, Russia,1019
anuntiomatic.com, UNITED STATES,1020
dk.msn.com, UNITED STATES,1021
ebay.ca, CANADA,1022
y048.sengokuixa.jp, Japan,1023
amazon.ca, UNITED STATES,1024
tokyodisneyresort.jp, Japan,1025
4dsply.com, RUSSIAN FEDERATION,1026
tripadvisor.co.uk, United Kingdom,1027
delfi.lt, Lithuania,1028
reallifecam.com, UNITED STATES,1029
yellowpages.com, UNITED STATES,1030
seek.com.au, Australia,1031
dnb.no, Norway,1032
ent.qq.com, CHINA,1033
lespac.com, CANADA,1034
staples.com, UNITED STATES,1035
sanspo.com, JAPAN,1036
creditmutuel.fr, FRANCE,1037
hiroba.dqx.jp, Japan,1038
rambler.ru, Russia,1039
vector.co.jp, Japan,1040
clck.yandex.ru, Russia,1041
neopets.com, UNITED STATES,1042
etorrent.co.kr, South Korea,1043
pagesjaunes.fr, FRANCE,1044
etrade.com, UNITED STATES,1045
club-t.com, JAPAN,1046
signin.ebay.de, UNITED STATES,1047
astromenda.com, AUSTRALIA,1048
babcdn.com,GERMANY,0
finanzportal.fiducia.de,GERMANY,0
uimserv.net,GERMANY,0
blick.ch,GERMANY,0
zalando.de,GERMANY,0
wetter.com,GERMANY,0
chefkoch.de,GERMANY,0
autoscout24.de,GERMANY,0
bigpoint.com,GERMANY,0
jimdo.com,GERMANY,0
jobboerse.arbeitsagentur.de,GERMANY,0
lablue.de,GERMANY,0
babylon.com,GERMANY,0
holidaycheck.de,GERMANY,0
fussball.de,GERMANY,0
metro-group.com,GERMANY,0
mein.gameduell.de,GERMANY,0
mpnrs.com,GERMANY,0
fahrzeuge.autoscout24.de,GERMANY,0
bonprix.de,GERMANY,0
tribalwars.net,GERMANY,0
s4.funnypizza.de,GERMANY,0
wetteronline.de,GERMANY,0
dawanda.com,GERMANY,0
immowelt.de,GERMANY,0
bundeskampf.com,GERMANY,0
gouv.qc.ca,CANADA,0
theweathernetwork.com,CANADA,0
squirt.org,CANADA,0
torontomls.net,CANADA,0
ashleymadison.com,CANADA,0
shawcable.net,CANADA,0
ilmeteo.it,ITALY,0
login.libero.it,Italy,0
libero.it,Italy,0
jobrapido.com,ITALY,0
virgilio.it,Italy,0
corriere.it,ITALY,0
mail.tiscali.it,ITALY,0
webmail.libero.it,Italy,0
banamex.com.mx,MEXICO,0
banorte.com,MEXICO,0
segundamano.mx,MEXICO,0
imss.gob.mx,MEXICO,0
andrea.com,MEXICO,0
eluniversal.com.mx,MEXICO,0
occ.com.mx,MEXICO,0
bbvanet.com.mx,MEXICO,0
telmex.com,MEXICO,0
infonavit.org.mx,MEXICO,0
sanook.com,THAILAND,0
gg.in.th,THAILAND,0
pantip.com,THAILAND,0
settrade.com,THAILAND,0
kapook.com,THAILAND,0
thejigsawpuzzles.com,THAILAND,0
manager.co.th,THAILAND,0
olx.co.th,THAILAND,0
laas.go.th,THAILAND,0
ugamsolutions.com,INDIA,0
irctc.co.in,INDIA,0
flipkart.com,INDIA,0
hdfcbank.com,INDIA,0
onlinesbi.com,INDIA,0
icicibank.com,INDIA,0
systweak.com,INDIA,0
icicidirect.com,INDIA,0
indianrail.gov.in,INDIA,0
24h.com.vn,Vietnam,0
bada.tv,VIETNAM,0
dantri.com.vn,Vietnam,0
mp3.zing.vn,Vietnam,0
nhaccuatui.com,VIETNAM,0
baomoi.com,VIETNAM,0
laban.vn,Vietnam,0
chotot.vn,Vietnam,0
news.zing.vn,Vietnam,0
vietnamnet.vn,Vietnam,0
shb.com.vn,Vietnam,0
