sbisec.co.jp, Japan,1
vaccint.com, UNITED STATES,2
stgbssint.com, UNITED STATES,3
ocn.ne.jp, UNITED STATES,4
jra.go.jp, UNITED STATES,5
nomura.co.jp, UNITED STATES,6
fruitmail.net, KOREA REPUBLIC OF,7
jma.go.jp, UNITED STATES,8
daiwa.co.jp, UNITED STATES,9
netmile.co.jp, UNITED STATES,10
babcdn.com, UNITED STATES,11
qhit.net, UNITED STATES,12
monex.co.jp, UNITED STATES,13
matsui.co.jp, UNITED STATES,14
wellsfargo.com, UNITED STATES,15
hao123.com, UNITED STATES,16
nikkei.com, UNITED STATES,17
r.msn.com, UNITED STATES,18
zulily.com, UNITED STATES,19
ninemsn.com.au, UNITED STATES,20
carview.co.jp, UNITED STATES,21